"1","65","2","5532","5","unpaid","2019-01-15 17:53:18","2019-01-15 17:53:18"
"2","77","2","2760","5","unpaid","2019-01-16 10:33:55","2019-01-16 10:33:55"
"3","117","2","22090","5","paid","2019-01-16 15:04:32","2019-01-16 15:08:37"
"4","119","2","2680","5","paid","2019-01-16 15:09:29","2019-01-16 15:09:47"
"5","120","2","2242","5","paid","2019-01-16 15:16:25","2019-01-16 15:16:58"
"6","139","2","4754","6","paid","2019-01-17 11:36:46","2019-01-17 11:37:14"
"7","144","2","2680","6","unpaid","2019-01-17 11:54:17","2019-01-17 11:54:17"
"8","155","2","22107","7","paid","2019-01-17 18:09:11","2019-01-17 19:04:37"
"9","162","2","5567","9","unpaid","2019-01-18 15:38:56","2019-01-18 15:38:56"
"10","190","2","8305","15","paid","2019-01-31 17:20:58","2019-01-31 17:21:40"
"11","245","2","8192","30","unpaid","2019-02-25 16:23:07","2019-02-25 16:23:07"
"12","246","1","3600","30","unpaid","2019-02-25 16:23:56","2019-02-25 16:23:56"
"13","249","4","7650","28","unpaid","2019-02-26 17:46:54","2019-02-26 17:46:54"
